0,1,2,3,4,5,6,7,8,9,10,11,12,13,14
Mo:8651.9,Pt:7653.7,Zr:1914.0,Nb:1825.0,V_:1406.8,Fe:1324.4,Cr:916.5,K_:572.2,Ta:413.7,S :261.8,P :155.4,,,,
Mo:8466.9,Pt:7366.7,Fe:1716.7,V_:1650.4,Cr:1285.3,Ti:1128.8,W_:716.8,Nb:523.3,S :154.6,,,,,,
Mo:8248.6,Pt:7078.4,Fe:2394.0,Pd:1812.2,Nb:1613.0,Cr:1267.0,V_:394.0,Ta:178.7,,,,,,,
Mo:7071.8,Pt:6584.2,W_:3431.9,V_:1562.4,Ta:896.0,S :712.0,K_:271.9,Zr:262.7,P :207.1,Au:181.9,,,,,
Mo:6041.5,Pt:4685.7,Ti:2451.8,Ta:397.6,S :276.3,W_:268.4,,,,,,,,,
Mo:5653.9,Pt:4596.9,Zr:1402.7,S :500.1,Fe:473.3,P :326.8,W_:184.4,,,,,,,,
Mo:5468.5,Pt:4950.4,S :303.2,C_:194.1,Zr:169.6,,,,,,,,,,
Mo:5194.2,Pt:4102.4,Fe:2510.0,Nb:1417.0,W_:916.2,P :291.9,Ti:223.5,P :211.8,,,,,,,
Mo:5128.2,Pt:3989.0,Ta:1644.0,Cr:1033.2,Zr:840.9,Nb:808.6,W_:615.9,V_:507.0,Ti:217.3,Bi:185.5,S :183.0,,,,
W_:8785.9,Mo:4988.4,Pt:4437.3,Nb:2336.8,V_:1334.0,Zr:921.4,Zr:889.5,Fe:737.1,Ta:704.4,Ta:534.5,K_:302.7,P :206.0,,,
Mo:4839.7,Pt:3616.1,V_:3035.5,Nb:1716.4,Cr:1705.9,Ta:1168.2,K_:512.2,Ni:391.8,Zr:318.4,S :314.2,S :245.2,C_:155.7,,,
Mo:4769.6,Pt:3687.0,Ta:2472.6,Ti:1405.9,K_:565.4,S :234.0,V_:167.1,,,,,,,,
Mo:4752.7,Fe:4143.0,Pt:4127.1,Nb:2967.7,Zr:934.7,Ti:812.5,Cr:793.6,W_:733.8,Ta:293.0,S :165.9,,,,,
Mo:4705.4,Pt:3596.8,V_:2151.1,W_:1001.1,W_:520.9,S :286.1,Cr:203.7,P :184.1,K_:183.7,,,,,,
Mo:4528.2,Pt:3881.6,Nb:1680.6,W_:378.8,,,,,,,,,,,
Cr:9358.0,Mo:4516.0,Pt:4055.2,Nb:1965.0,Ti:1883.4,Ca:1186.0,S :611.0,S :488.0,K_:369.1,Ni:203.6,Au:158.1,,,,
Mo:4278.2,Pt:3265.5,Nb:2696.1,V_:1269.0,Cr:688.4,Ta:321.7,S :229.3,Zn:155.4,,,,,,,
W_:4184.3,Fe:4175.3,Mo:3795.2,Pt:2921.4,S :1038.8,V_:822.8,K_:806.4,P :630.0,S :624.9,Ta:251.8,Nb:239.4,Pb:222.9,In:221.3,,
Nb:6612.9,Mo:3764.2,Pt:2864.4,Zr:1540.8,Ta:668.5,Ti:607.1,In:339.4,Pb:275.6,Au:180.6,Ni:174.5,,,,,
Mo:3710.3,Pt:2614.0,Nb:2047.4,Ti:1638.2,Co:959.1,Al:500.2,Zr:490.2,Ni:372.4,W_:211.8,P :190.8,,,,,
Mo:3635.6,Pt:2565.8,Nb:2226.8,W_:760.7,Ti:607.1,Au:406.9,S :355.2,In:275.6,Fe:253.6,P :242.6,Pb:233.0,V_:218.2,Ta:213.3,Ni:179.7,K_:167.4
Mo:3399.1,W_:2469.7,Fe:2206.3,Pt:2130.4,Pd:1838.4,Ni:731.0,Ta:364.1,Ti:361.4,C_:284.8,Cr:220.6,,,,,
Mo:3351.6,Pt:2717.2,V_:1411.2,Ta:1162.8,Pd:529.2,W_:428.4,S :358.5,Ti:285.0,Fe:279.6,Ag:229.4,P :158.2,Au:150.7,K_:150.5,,
Mo:3208.0,Pt:2696.1,Ca:2689.2,Nb:2200.8,V_:2108.7,W_:1018.4,Ti:528.6,S :289.7,Ti:215.6,K_:215.4,,,,,
Mo:3175.4,Pt:2221.7,Zr:564.8,Pb:151.4,,,,,,,,,,,
Co:5663.2,Mo:2986.6,Pt:2408.0,Zr:1107.6,Fe:1045.0,Bi:949.3,Cr:941.4,W_:598.9,S :545.6,S :344.2,P :305.0,P :299.1,In:187.5,Pb:178.3,
Fe:4810.9,Mo:2545.1,Pt:1908.0,Ta:1732.8,Zr:1287.9,Ta:1220.9,V_:566.4,S :215.2,P :163.9,,,,,,
Mo:2462.5,Pt:1913.0,V_:921.3,S :347.7,Nb:312.6,Cd:199.5,,,,,,,,,
Mo:2448.6,Pt:1609.3,V_:1507.6,Cr:583.3,Cr:569.0,Ti:339.3,C_:267.8,Nb:226.1,S :196.1,S :195.9,Au:173.9,Au:170.6,K_:164.0,,
Mo:2433.9,Pt:1750.3,Zr:1024.1,S :543.1,Ta:322.7,Fe:301.5,P :208.9,K_:174.5,Au:159.1,,,,,,
Mo:2419.2,Pt:1725.8,Ta:1459.1,Zr:871.2,Nb:472.9,,,,,,,,,,
Nb:3080.0,Mo:2393.9,Pt:1904.0,Ti:1786.7,Cr:1006.1,Zr:639.1,W_:591.1,W_:559.2,,,,,,,
Mo:2258.5,Pt:1580.8,Fe:929.2,K_:284.2,Cr:268.1,Ta:171.7,,,,,,,,,
Mo:2243.1,Pt:1572.0,Nb:1081.5,Ta:747.1,W_:240.3,S :198.4,Pd:161.3,,,,,,,,
Pd:3015.8,Mo:2238.0,Pt:1199.2,Ti:1135.3,Zr:480.8,S :360.7,S :216.9,Cd:174.7,Au:171.9,Ni:153.3,,,,,
Mo:2163.7,Cr:2021.6,Pt:1703.3,Zr:724.3,S :512.1,Ta:433.1,V_:374.3,Ta:353.5,,,,,,,
Mo:2093.6,Pt:1737.0,Zr:1323.5,Cr:1264.0,S :193.8,V_:191.9,,,,,,,,,
Ni:3314.4,Mo:2089.8,Pd:1683.4,Pt:1203.8,Cr:1182.6,Ta:489.7,In:172.4,,,,,,,,
Mo:2039.4,Nb:1348.1,Pt:1191.3,Ni:602.6,Cr:457.3,V_:293.3,Ta:229.3,Pd:185.3,S :176.3,,,,,,
Mo:2023.3,Pt:1218.3,V_:1174.3,Co:859.6,Ta:344.0,Ni:245.5,Fe:196.2,Ta:174.8,,,,,,,
Zr:3315.2,W_:2140.0,Mo:1992.3,Pt:1404.0,Nb:1041.1,V_:506.9,Cr:443.7,S :371.6,P :279.4,K_:275.9,Au:173.3,,,,
Nb:3465.9,Fe:3464.8,Cr:2315.5,Mo:1990.1,Pt:1340.5,Zr:756.4,S :228.3,Ta:188.6,,,,,,,
Al:5073.9,Mo:1986.8,Cr:1636.6,Nb:1406.1,Pt:1153.0,C_:1148.8,Co:714.8,Ni:595.6,V_:481.2,Zr:357.3,Fe:261.2,S :230.4,Ag:178.3,Ta:158.3,
Mo:1916.6,Pt:1418.9,W_:592.5,C_:470.2,Ni:397.8,Zr:188.4,Nb:183.7,,,,,,,,
Mo:1902.2,Pd:1755.9,Co:1702.7,Pt:1294.7,Cd:1029.1,Ta:747.8,Si:337.0,W_:177.7,Cr:159.6,,,,,,
Ni:3151.5,Mo:1887.1,Pt:1335.8,Cr:750.9,Zr:641.1,Ta:628.8,W_:451.6,K_:277.7,Cd:212.2,,,,,,
Mo:1831.7,Pt:917.9,W_:663.5,Zr:404.2,Ti:346.5,S :272.7,Cr:182.4,Pb:161.4,V_:156.6,P :156.3,,,,,
Mo:1760.7,Pt:1364.5,W_:887.6,Zr:451.0,Ta:287.3,V_:253.7,P :177.6,,,,,,,,
Mo:1759.4,Pt:1128.0,C_:821.2,S :172.6,K_:166.1,Zr:162.6,,,,,,,,,
Mo:1721.9,Pt:1191.1,Fe:492.8,C_:452.1,S :265.1,K_:246.3,P :184.5,,,,,,,,
W_:2274.2,Mo:1721.6,Zr:1220.5,Fe:1171.7,Pt:1137.8,Ta:683.0,K_:156.3,,,,,,,,
Co:1711.6,Mo:1707.9,Pt:1046.7,Ta:964.4,V_:224.1,Ti:151.4,,,,,,,,,
Mo:1685.5,Co:1373.9,Pt:882.2,Fe:481.1,W_:307.8,,,,,,,,,,
Au:2812.9,K_:1826.5,Mo:1677.8,Cr:1231.3,Pt:1097.6,Zr:599.1,Ti:514.2,Co:439.4,Zn:217.6,S :212.3,W_:156.4,,,,
Nb:2278.2,Mo:1606.3,Pt:979.6,Ti:977.5,Fe:679.8,W_:509.0,S :253.1,V_:227.3,P :167.6,,,,,,
Mo:1590.2,Zr:1367.2,Pt:1325.8,C_:590.5,Ta:283.7,V_:226.6,,,,,,,,,
Ag:2053.7,Mo:1584.7,Pt:1149.7,Ta:602.4,Nb:365.4,Ti:332.2,W_:298.2,Zn:258.4,,,,,,,
Fe:2726.2,Mo:1577.4,C_:1289.1,Pt:1067.9,W_:198.7,,,,,,,,,,
W_:4664.5,V_:2343.2,Mo:1571.3,Nb:1521.8,Pt:1252.2,Ta:1035.8,Ta:843.9,Zr:836.8,,,,,,,
Mo:1525.4,Fe:1347.8,Ti:1345.8,Nb:1273.7,Pt:1068.0,Ta:562.3,Zr:420.2,W_:374.1,C_:331.0,,,,,,
W_:8166.5,Mo:1510.5,S :1148.5,Pt:1036.4,K_:790.1,Cr:709.2,P :641.4,In:340.7,Ca:331.5,Pb:185.2,V_:160.8,,,,
Nb:2045.6,Mo:1499.5,Pt:903.2,W_:571.9,Ta:324.5,,,,,,,,,,
Mo:1493.6,Nb:1341.1,Pt:763.0,Ti:592.2,V_:235.4,Ta:233.8,S :206.0,Au:153.1,P :151.9,,,,,,
Mo:1482.9,Pt:1063.3,Nb:479.7,,,,,,,,,,,,
Ti:1498.9,Mo:1479.3,Pt:1282.1,Ta:887.9,P :742.6,W_:471.3,Zr:469.5,,,,,,,,
V_:2204.7,Mo:1457.1,Pt:1146.5,Ta:1005.2,Nb:335.9,S :246.3,,,,,,,,,
Mo:1455.7,Pt:1110.5,Nb:698.2,C_:393.9,Zr:316.2,Ta:221.4,,,,,,,,,
Ti:3747.8,W_:3201.1,Mo:1454.7,Pt:1077.9,Nb:940.4,V_:900.1,C_:766.7,Cr:684.5,,,,,,,
Mo:1452.3,Pt:907.0,Nb:252.2,Cr:239.2,Zr:185.5,,,,,,,,,,
Mo:1438.4,Zr:1131.0,Pt:905.1,Cr:887.2,V_:476.3,W_:471.2,Nb:378.1,Ta:364.3,W_:311.6,S :235.9,,,,,
Ti:1730.8,Mo:1417.8,Pt:1130.0,Nb:469.0,W_:441.1,S :304.6,V_:214.8,P :190.4,,,,,,,
Mo:1411.6,Pt:1132.8,Ta:159.4,,,,,,,,,,,,
Ni:5399.1,Mo:1383.3,Co:1373.9,Fe:630.9,Nb:225.2,,,,,,,,,,
W_:3056.2,Mo:1379.8,Ta:905.9,Pt:848.5,Nb:698.4,P :329.5,Zr:239.0,K_:193.0,,,,,,,
Mo:1374.0,Zr:1060.6,Pt:968.5,Ta:325.3,Ta:300.4,Ti:173.8,V_:173.0,S :169.0,Nb:156.5,,,,,,
Ni:1615.5,Mo:1367.9,Pt:1128.1,Nb:705.1,Zr:415.5,Cr:272.2,W_:206.6,,,,,,,,
Nb:2977.9,Mo:1366.3,Pt:1113.8,Zr:1081.7,Cr:969.4,Ta:641.1,S :525.8,K_:350.0,W_:282.2,P :241.6,,,,,
Zr:2927.7,Mo:1363.0,Nb:1317.8,Pt:1065.7,W_:762.0,Ta:357.6,S :239.1,,,,,,,,
Nb:1708.8,Mo:1311.1,Co:847.8,Zr:748.5,Pt:701.1,S :440.7,K_:419.1,Ni:400.9,P :303.2,Ta:205.0,Au:203.3,W_:187.1,,,
Fe:1906.1,Mo:1309.0,Pt:795.5,Zr:517.1,S :413.4,P :246.9,W_:220.6,W_:210.3,,,,,,,
Zr:3179.9,Mo:1302.9,Nb:1204.7,Pt:844.2,V_:320.8,W_:239.8,Cr:196.7,Ni:172.4,,,,,,,
Zr:1586.0,Mo:1300.2,Pt:905.1,Nb:763.9,S :300.2,Cd:299.1,Ni:210.9,K_:209.5,,,,,,,
V_:1568.9,Ca:1446.2,Ti:1314.0,Mo:1294.2,Pt:1003.0,Nb:840.8,W_:491.5,Ta:374.8,K_:162.7,,,,,,
Mo:1294.0,Pt:878.3,,,,,,,,,,,,,
Mo:1293.3,Pt:924.9,S :380.6,Zr:296.4,Co:247.9,K_:247.0,P :178.1,C_:177.5,,,,,,,
Zn:1720.9,Mo:1291.0,Pt:829.0,W_:796.4,Cr:465.0,Ta:283.1,Ni:213.8,S :185.2,Ag:150.5,,,,,,
Cr:4845.1,Nb:1731.8,Mo:1284.1,Pt:1056.7,S :882.5,K_:594.0,P :508.1,Fe:270.6,Ta:217.5,Ta:180.9,,,,,
Nb:3033.3,Mo:1269.1,V_:788.2,Pt:779.3,V_:354.1,Zr:279.2,Co:224.5,W_:169.4,,,,,,,
I_:1818.1,Pd:1713.5,Mo:1250.1,Cr:685.5,Si:659.4,Ta:372.2,Zr:363.6,Au:300.3,Ag:289.4,W_:267.7,K_:150.7,,,,
Mo:1233.1,V_:1199.2,Pt:776.4,Zr:599.1,Ti:239.3,Zn:215.5,,,,,,,,,
Ni:3011.3,Mo:1224.4,Pt:854.3,Nb:745.4,Fe:588.8,Ta:220.5,V_:195.2,Ag:160.1,,,,,,,
V_:1762.0,Mo:1213.3,Zr:1191.7,Pt:1152.8,S :183.8,,,,,,,,,,
Mo:1154.5,Ni:973.3,Pt:777.4,V_:520.8,Ti:504.5,Pb:473.9,,,,,,,,,
Mo:1147.0,Nb:1012.1,Pt:879.0,Ta:460.3,S :165.6,,,,,,,,,,
Nb:5436.4,Zr:3124.8,Mo:1146.8,Ni:1001.3,Pt:777.7,Al:492.0,C_:479.9,K_:430.1,Cr:166.3,,,,,,
Mo:1141.8,Zr:768.5,W_:728.5,Nb:712.1,Pt:667.2,V_:464.5,C_:239.7,,,,,,,,
W_:2179.9,Mo:1137.7,Pt:1050.4,Ta:429.7,S :368.9,In:256.2,Zr:249.9,K_:200.0,Nb:179.6,,,,,,
Nb:1739.6,Mo:1132.6,Cr:851.2,Pt:750.9,Ti:431.3,C_:293.5,K_:191.3,S :189.8,,,,,,,
Pb:4889.1,Zr:1360.2,Mo:1130.2,V_:627.5,Pt:584.0,Ti:510.5,W_:451.1,Ta:263.9,S :229.7,Ag:216.8,P :201.7,Ni:164.1,,,
Fe:3959.3,Co:2761.8,Mo:1122.6,Pt:671.1,Cr:538.5,Nb:309.8,V_:269.5,C_:208.3,,,,,,,
Mo:1119.5,Pt:697.6,Cr:286.4,W_:260.2,S :173.3,,,,,,,,,,
Mo:1111.8,Pt:539.2,Fe:294.2,Ta:222.6,,,,,,,,,,,
Nb:4037.7,Mo:1109.6,V_:1025.5,Pt:856.3,Zr:316.6,S :256.2,Al:241.2,C_:217.2,W_:202.6,P :165.8,K_:152.6,,,,
Nb:1651.5,Mo:1096.5,Pt:935.2,V_:679.6,Ta:589.5,Ti:236.3,K_:224.1,Fe:202.1,Fe:192.0,,,,,,
Zr:1233.4,Mo:1085.2,Pt:794.1,Ti:198.3,,,,,,,,,,,
Ni:3044.2,Ag:2066.1,Mo:1080.1,Pt:654.8,Nb:429.5,Ti:280.1,Zn:165.3,Co:162.7,,,,,,,
Ti:2796.8,Mo:1078.6,Nb:1051.4,Pt:608.0,C_:474.5,Ta:427.0,Zr:375.1,S :368.4,K_:345.1,Fe:276.9,P :230.0,,,,
V_:1580.2,Zr:1148.7,Mo:1061.5,Pt:832.3,S :478.9,S :320.8,Co:311.4,Ta:228.6,P :223.8,K_:188.5,K_:180.4,,,,
Mo:1056.4,Fe:715.7,Pt:577.3,V_:521.8,Au:320.5,Ta:245.8,Zr:228.6,Cr:216.3,Cr:187.8,,,,,,
Mo:1031.1,Nb:1017.0,Pt:599.2,Pd:366.4,Ta:343.3,W_:321.5,C_:313.3,Ti:253.1,V_:208.4,Zr:203.2,Fe:150.7,,,,
Cr:10068.4,Nb:3143.3,Mo:1022.3,Zr:634.3,Pt:546.2,S :537.2,Zr:517.1,Ta:464.6,P :259.9,Ti:250.3,W_:220.6,,,,
Ti:4070.7,Nb:2607.2,Mo:1020.2,Pt:767.2,C_:393.0,Ni:251.6,,,,,,,,,
Ca:2280.7,Mo:1008.9,Pt:810.5,Zr:261.9,W_:170.4,,,,,,,,,,
Ca:1446.2,Mo:1003.1,Cr:709.5,Pt:650.4,W_:491.5,Ti:393.1,Ta:374.8,K_:162.7,S :158.5,P :150.7,,,,,
Cr:1030.3,Mo:1001.2,V_:732.0,Pt:676.3,P :225.4,S :218.5,,,,,,,,,
V_:3136.7,Fe:1667.9,K_:1064.8,Mo:997.2,W_:571.1,Pt:545.8,S :538.0,In:230.1,In:184.2,P :160.8,,,,,
Cr:5230.8,V_:1607.2,Zr:1393.6,Mo:995.3,Pt:772.5,W_:352.7,Ta:244.7,P :183.5,,,,,,,
Mo:990.0,W_:654.4,Pt:635.7,Co:422.5,S :375.0,,,,,,,,,,
In:3197.7,V_:1531.7,Mo:989.2,S :769.3,Pt:670.8,P :484.8,Ta:408.1,K_:375.8,Zr:340.1,W_:267.0,Ti:261.0,Au:231.9,Cr:174.0,,
Mo:978.9,Ni:787.9,Pt:620.1,Ta:432.4,S :158.3,P :155.2,,,,,,,,,
Mo:976.0,W_:696.1,Pt:571.1,Ta:313.3,K_:162.1,,,,,,,,,,
W_:2181.0,Mo:966.4,Zr:842.3,Nb:626.6,Pt:575.4,K_:207.8,,,,,,,,,
Ta:1656.6,Mo:965.6,Pt:696.6,K_:662.8,S :601.3,Zr:410.8,W_:391.6,Cr:245.8,,,,,,,
Nb:3547.3,Ti:994.6,Mo:955.3,V_:861.8,Pt:764.1,Zr:585.5,Sn:450.8,In:402.5,S :278.4,K_:158.3,,,,,
Mo:949.5,Pt:599.5,W_:375.4,V_:279.3,Ta:204.8,C_:164.7,,,,,,,,,
Mo:944.6,Pt:431.8,Nb:399.4,Ti:258.9,,,,,,,,,,,
V_:2238.7,Pt:1355.4,Mo:938.9,Ta:886.5,Nb:535.7,Ti:479.3,S :344.8,Fe:270.1,K_:251.6,,,,,,
Ta:2849.2,V_:1104.2,Mo:910.8,Ti:815.9,Pt:601.9,S :572.2,Nb:545.9,Ti:383.9,Zr:382.5,C_:292.9,Ni:166.7,,,,
Cr:4062.8,Ti:1142.3,Mo:898.0,W_:638.3,Pt:463.7,S :233.3,,,,,,,,,
Cr:1386.4,W_:1137.2,Mo:897.5,Zr:790.0,Pt:694.3,S :620.5,P :308.5,Pb:291.9,K_:151.8,,,,,,
Nb:2325.7,Mo:894.9,Pt:625.3,Ti:360.2,,,,,,,,,,,
Co:1009.2,Mo:894.7,W_:255.7,S :217.9,Ca:205.7,,,,,,,,,,
Zr:2141.1,Nb:913.0,Mo:888.9,Pt:677.6,C_:481.0,Ta:182.7,,,,,,,,,
Ni:1241.1,Mo:877.3,Pt:585.6,Zr:510.5,W_:466.2,Sb:234.0,P :231.8,Ti:170.9,Co:159.1,,,,,,
Nb:1667.2,V_:1529.4,Ta:1504.4,W_:993.0,Mo:872.2,Cr:569.3,Pt:557.3,Zr:552.3,Zr:511.8,K_:404.0,Ni:239.1,S :180.2,,,
Mo:866.3,Nb:825.3,Pt:654.0,W_:338.8,Ta:230.6,Zr:219.6,Ti:216.2,Au:165.1,,,,,,,
Nb:2030.8,Ti:1289.6,Mo:850.5,Pt:713.3,Ta:438.4,W_:368.2,V_:319.0,Au:206.4,Zr:202.9,S :192.6,Ni:192.5,C_:181.3,,,
Nb:2099.7,Nb:1420.2,Mo:842.8,Ti:637.3,Pt:502.8,Zr:452.3,Cr:402.1,C_:360.0,S :185.7,K_:175.6,,,,,
Mo:839.1,Pt:523.9,Sn:490.7,Nb:430.6,P :213.1,K_:173.3,Ag:172.4,S :163.0,,,,,,,
Ni:4021.8,Pd:2738.2,Mo:827.2,Pt:468.7,Zr:367.2,Nb:361.8,,,,,,,,,
Nb:6936.0,W_:4146.8,Mo:821.2,S :756.2,Pt:637.6,K_:359.6,Au:167.5,,,,,,,,
Pd:2630.9,Ni:2038.3,Mo:812.3,Zr:731.3,Ta:621.6,Co:515.6,Cr:327.9,W_:313.1,Ti:183.6,,,,,,
Pb:2050.9,Cr:1674.7,Ta:1065.6,Ti:986.0,Mo:810.3,W_:722.4,V_:328.1,Ni:232.2,Co:226.8,Co:212.7,,,,,
Nb:1096.2,V_:985.8,Mo:797.3,Ti:539.4,W_:215.9,,,,,,,,,,
Pd:2946.9,Fe:1315.9,W_:1118.6,Nb:854.3,Mo:795.0,Ni:553.1,Cr:478.7,Pt:375.0,Ti:352.0,Zr:295.6,Ta:290.5,S :212.6,,,
Ca:1453.1,Au:882.7,Mo:794.7,Pt:640.6,Ta:615.2,Ti:509.4,Zr:443.9,Cr:432.9,W_:415.6,Nb:367.1,S :343.9,S :285.7,P :239.1,,
Nb:6372.1,Cr:1391.3,Ta:961.9,Mo:774.2,K_:252.8,P :175.4,S :170.0,,,,,,,,
Fe:3924.7,Cr:823.5,Mo:763.6,Pt:627.1,Nb:495.7,C_:270.6,Ta:192.2,K_:150.3,,,,,,,
Nb:2494.8,W_:2483.5,Fe:1057.8,Mo:753.8,Zr:614.7,Pt:589.3,V_:356.2,P :281.5,S :247.0,Ta:159.8,,,,,
Fe:3349.3,Pd:1740.8,Mo:725.0,W_:655.0,Ta:208.0,C_:194.2,Pb:178.3,S :177.0,,,,,,,
Fe:3564.7,Cr:2236.7,Mo:723.9,Co:611.9,S :600.7,W_:518.2,V_:497.1,Pt:398.5,Nb:395.0,K_:315.0,P :271.2,Ni:167.6,,,
V_:1169.9,Mo:721.0,Pt:565.4,W_:345.7,,,,,,,,,,,
Nb:1372.1,Co:937.2,Mo:713.7,Pt:378.5,C_:174.0,P :156.8,,,,,,,,,
Zr:1610.3,Ta:1490.5,Mo:702.5,Nb:660.6,C_:574.0,Pd:430.5,C_:408.5,Pt:405.8,Ni:370.6,Cd:160.4,,,,,
V_:2503.3,Mo:701.8,Pt:618.9,Cr:603.3,Nb:174.0,C_:157.4,,,,,,,,,
Cr:3669.4,Ta:851.3,Mo:698.2,Co:579.4,S :509.5,K_:492.6,Pt:428.0,Zr:394.4,S :341.9,K_:330.9,W_:325.3,,,,
W_:1331.0,Zr:970.0,Mo:690.0,V_:679.6,Pt:630.8,S :304.6,K_:274.6,Fe:202.1,,,,,,,
Zn:7365.5,Nb:3284.7,Zr:1513.4,K_:1098.8,Mo:689.8,Pt:567.4,Au:541.8,S :463.0,Ti:395.9,Cr:198.1,P :187.6,W_:177.2,,,
Mo:688.1,Ta:478.9,Pt:452.8,,,,,,,,,,,,
W_:925.2,Zr:768.6,Mo:682.5,Pt:472.8,K_:303.4,Ta:274.7,Zr:167.0,,,,,,,,
Co:2281.8,Nb:807.6,Mo:681.5,Ti:313.9,Pt:288.9,S :157.1,,,,,,,,,
Nb:1113.6,Mo:669.5,Pt:578.5,C_:444.1,W_:254.4,Ta:228.3,,,,,,,,,
Ta:1568.1,Mo:666.7,Pt:440.1,Co:363.9,Zr:285.0,,,,,,,,,,
Nb:2412.7,Ta:1523.4,K_:712.9,Mo:660.2,Ti:569.3,Cu:462.1,Pt:367.8,,,,,,,,
Ti:2203.6,Nb:1575.1,V_:1353.1,Cr:858.5,Mo:653.5,Ta:575.4,Pt:524.2,,,,,,,,
Cr:1167.2,Ti:979.7,Mo:651.0,Pt:543.0,Zr:462.7,S :461.3,W_:358.2,K_:286.4,Nb:251.7,P :248.9,,,,,
Ti:1449.6,Zr:1261.9,Fe:1044.7,Mo:650.8,Pt:495.4,Cr:489.2,Ta:369.2,S :160.1,,,,,,,
Mo:638.2,Ag:575.3,Fe:396.6,Zr:298.2,S :227.0,,,,,,,,,,
Ta:1280.3,Mo:635.8,C_:522.9,Pt:497.7,Zr:363.5,W_:194.6,,,,,,,,,
Zr:1513.4,V_:1173.1,K_:1098.8,W_:741.6,Mo:635.0,Nb:629.4,Ti:559.9,Pt:433.2,Ni:173.8,,,,,,
Mo:630.0,V_:608.8,C_:468.7,Pt:411.3,Ta:260.3,S :171.4,K_:151.4,,,,,,,,
Nb:3448.1,V_:2350.1,Ta:1466.7,Cr:1377.0,Mo:617.9,Pt:400.0,Ti:309.6,S :300.5,In:242.0,Zr:217.0,Au:193.1,,,,
W_:4182.6,Cr:2806.2,Ti:2267.7,Mo:616.6,Pt:478.0,Nb:440.8,Zr:330.5,Ta:279.6,V_:249.5,C_:186.9,S :177.5,,,,
Nb:1742.6,Mo:613.9,Pt:295.9,,,,,,,,,,,,
Ta:3987.6,In:3103.2,Nb:1941.4,W_:1483.2,Ti:1226.1,Cr:662.0,Mo:608.2,Pt:450.8,S :281.0,P :243.7,K_:204.8,,,,
Nb:1462.3,Ta:1020.7,Mo:604.6,Pt:376.8,C_:292.0,S :225.6,,,,,,,,,
Nb:2868.5,Ta:2714.4,W_:2646.1,W_:1776.7,Pt:653.5,Mo:591.0,Cr:521.9,Pt:497.8,S :496.0,S :483.0,K_:442.3,K_:348.8,P :276.8,P :203.3,
Co:3406.7,Ni:3238.7,Fe:2427.5,Pd:2319.9,Pb:1918.9,W_:894.4,Mo:587.2,Ta:508.1,V_:343.6,Pt:320.2,S :163.8,,,,
Ta:670.0,V_:586.2,Mo:574.4,Pt:421.2,S :288.6,Zr:287.1,P :173.5,P :172.6,S :155.3,,,,,,
Ni:3582.5,Mo:570.0,Bi:331.4,Pt:324.3,Ti:164.6,S :157.9,,,,,,,,,
Zr:2180.2,Ti:1019.4,W_:741.6,Nb:629.4,Mo:566.5,S :555.1,Ta:440.3,Pt:386.0,P :369.8,Au:199.6,,,,,
Ti:1774.3,Ti:1430.3,Zr:1162.7,Nb:1096.7,W_:820.0,Pt:669.3,V_:627.1,Mo:558.5,S :397.1,,,,,,
Nb:1159.7,Zr:1148.1,Co:1084.6,Mo:551.2,Pt:263.4,K_:161.3,,,,,,,,,
Fe:2884.0,W_:1758.4,Nb:1742.6,Cr:1735.5,Ti:602.4,Mo:546.6,Ta:467.5,S :346.1,Pt:295.9,V_:213.0,Co:171.7,,,,
Nb:985.7,Mo:539.4,Ti:493.7,Pt:281.2,Ta:263.9,Ta:261.6,,,,,,,,,
W_:1059.2,Mo:536.5,Nb:340.5,Pt:267.9,Ta:198.1,Fe:153.4,,,,,,,,,
Co:2261.6,Pb:1918.9,W_:879.5,Mo:536.5,Pt:319.5,S :211.1,,,,,,,,,
V_:1727.0,Ta:1432.8,Ni:1042.4,W_:714.7,Nb:688.3,Cr:552.5,Mo:533.0,Pt:422.8,Zr:297.4,S :246.4,P :156.1,,,,
K_:5908.5,Zr:1798.8,Nb:1614.6,Au:899.4,Mo:524.9,Pt:320.9,Ni:277.7,V_:235.8,Ta:162.2,,,,,,
Cr:2258.7,Nb:1121.9,W_:810.1,C_:639.9,V_:602.3,Mo:522.9,Pt:244.1,S :191.1,,,,,,,
Fe:2322.7,Nb:1682.9,Zr:1202.1,Ta:601.7,Mo:521.5,Pt:414.9,W_:302.6,Ti:282.9,S :249.1,K_:243.2,Ni:161.2,,,,
Nb:1233.5,Mo:518.0,Pt:347.9,S :230.0,,,,,,,,,,,
V_:1037.8,Cr:896.4,W_:744.7,Mo:517.7,Pt:407.9,,,,,,,,,,
Cr:2949.2,Mo:514.1,Ta:441.7,Pt:324.6,Zr:305.9,Fe:286.5,Nb:236.8,V_:192.1,Au:176.8,,,,,,
Ta:2446.6,Cr:1895.9,V_:798.3,Co:721.2,W_:536.2,Mo:508.7,Pt:506.9,Fe:456.0,Nb:356.1,S :318.4,Zr:251.5,K_:172.2,In:165.9,,
Nb:3657.0,Cr:3603.9,V_:574.0,Ni:529.2,S :490.7,Mo:487.4,K_:337.6,Pt:313.0,P :289.4,Zr:241.6,Al:240.3,C_:170.3,,,
Mo:487.1,Pt:294.1,Co:274.7,,,,,,,,,,,,
W_:2429.3,Ti:2131.7,Ta:878.8,Zr:683.0,Mo:486.7,Pt:391.8,P :151.6,,,,,,,,
Zr:1678.3,Ti:1248.5,Cr:888.8,Nb:632.0,Mo:476.7,V_:442.2,Pt:337.7,S :277.2,K_:251.3,P :205.8,W_:192.1,,,,
Nb:632.0,Co:556.1,Mo:470.3,V_:442.2,Pt:308.2,Fe:286.6,W_:192.1,,,,,,,,
Nb:4324.2,Mo:458.7,Ta:406.5,S :402.1,Zr:340.5,P :296.3,K_:274.0,K_:232.8,V_:223.7,Pt:217.8,,,,,
Nb:2719.8,Au:1247.8,Mo:457.9,Ta:447.0,Zr:445.1,Pt:294.4,Fe:274.4,Ag:159.8,,,,,,,
Cr:2261.8,Zr:1036.4,Nb:717.6,Pt:582.9,Mo:453.8,S :224.5,In:211.5,Ta:165.9,,,,,,,
Ni:6305.4,Fe:1572.3,Co:937.2,Zr:777.6,Ta:531.8,Mo:448.5,Pt:254.3,C_:174.0,,,,,,,
Nb:910.9,Pt:465.0,Mo:441.9,S :207.4,Cr:192.4,Ta:160.1,,,,,,,,,
Nb:2719.8,V_:1129.8,Mo:437.4,Ta:415.7,Pd:396.1,W_:323.1,Pt:284.4,Fe:274.4,Ag:159.8,Co:150.8,,,,,
Ca:9249.6,Ge:3249.6,C_:2173.8,Zr:2065.2,Ti:1179.5,Cr:1011.2,W_:808.7,Mo:437.2,S :424.9,K_:405.0,P :366.4,Fe:267.3,V_:246.6,Pt:163.9,
Cr:2873.0,W_:1422.5,Nb:1419.3,Mo:432.7,Pt:351.5,S :337.2,Ti:241.1,Zr:197.1,,,,,,,
Ni:1753.9,Mo:432.2,Ta:400.7,Fe:350.9,Pt:332.1,V_:197.4,,,,,,,,,
W_:6907.8,Ta:2413.9,Nb:1838.6,Zr:753.0,Mo:432.0,Pt:331.5,Cr:202.9,S :190.2,,,,,,,
Ge:1221.3,Nb:478.1,Mo:428.7,Cu:372.9,Zr:371.0,V_:360.3,Zr:358.2,Pt:327.5,Ta:176.2,Ni:159.5,,,,,
Al:4648.1,C_:2093.2,Ti:1240.5,Ni:1081.5,Zr:562.7,Mo:421.0,Ag:356.0,Co:289.0,P :214.6,,,,,,
Ni:1102.5,Ta:858.9,Mo:417.6,Nb:370.3,W_:267.0,K_:238.9,,,,,,,,,
Pd:780.7,Pt:592.8,Mo:415.1,Ni:332.0,Nb:222.5,W_:168.3,V_:163.1,Ta:158.9,,,,,,,
Zr:1286.7,P :825.4,Ta:685.8,W_:642.8,Pt:433.5,Mo:409.7,C_:238.7,C_:152.3,,,,,,,
Nb:686.6,Mo:406.7,Pt:292.2,,,,,,,,,,,,
Fe:2942.9,Nb:1224.0,Mo:396.3,Cr:345.7,Co:320.8,W_:253.4,Zr:220.7,Ta:193.5,Pt:170.8,V_:165.5,Au:156.8,,,,
V_:1872.0,Ca:428.1,Pt:425.2,Mo:386.1,Zr:298.7,Ta:258.3,Cr:210.9,S :186.5,C_:162.8,,,,,,
Zr:1572.1,Pd:1451.4,Zr:1019.6,Ta:973.5,Nb:925.7,Ti:496.8,Mo:375.7,,,,,,,,
W_:8270.9,Ti:1001.2,Nb:774.3,Mo:375.0,Pt:294.7,S :174.8,Au:169.9,,,,,,,,
W_:6020.0,Nb:1215.9,C_:703.3,Ti:686.3,C_:465.2,Mo:369.0,Pt:291.9,Zr:222.1,Ta:168.0,,,,,,
Co:6024.8,W_:494.3,Mo:362.9,Pt:347.1,Ca:214.7,Au:158.7,,,,,,,,,
Ni:5933.4,Pd:1820.8,Fe:919.3,Nb:433.1,Mo:362.8,Pt:256.4,,,,,,,,,
Nb:1946.8,Ti:681.2,Mo:359.2,Zr:284.1,Pt:211.0,,,,,,,,,,
Ni:3596.5,Nb:552.8,Zr:531.7,Mo:358.2,In:333.0,W_:332.3,Zn:296.7,Sb:292.5,K_:281.4,Pt:231.8,Fe:177.5,Sn:168.0,,,
Nb:3223.2,Ti:1400.5,Ta:574.9,Fe:471.4,Cr:396.7,Mo:357.2,Pt:272.5,S :241.7,V_:191.6,P :154.5,,,,,
Nb:1732.0,Fe:1522.1,Ti:853.2,Mo:355.1,Zr:343.0,Ta:182.5,,,,,,,,,
Mo:354.9,Pt:284.6,,,,,,,,,,,,,
W_:459.7,Mo:354.5,Pt:337.6,Co:193.9,,,,,,,,,,,
Nb:3348.0,Ti:537.7,Mo:354.2,Pt:221.1,W_:184.8,C_:180.1,,,,,,,,,
Co:1579.2,Cr:541.4,Zr:478.1,W_:388.7,Mo:352.8,Pt:236.4,,,,,,,,,
Nb:1752.8,Ta:1106.6,Mo:346.3,Pt:290.7,W_:216.8,,,,,,,,,,
Mo:345.6,Pt:216.0,W_:151.1,Fe:150.0,,,,,,,,,,,
Ta:479.6,Co:457.6,Nb:411.7,S :391.1,Mo:344.2,Zr:229.5,V_:186.3,,,,,,,,
Zn:3828.4,Bi:2300.5,Ta:923.2,Ti:849.3,Nb:726.2,V_:569.7,Cr:471.1,Mo:343.7,Pt:206.4,,,,,,
Mo:339.7,W_:217.0,Ta:161.9,Pt:153.2,,,,,,,,,,,
W_:1205.0,Mo:339.3,S :331.3,Pt:286.2,Al:182.9,,,,,,,,,,
Ni:3582.5,Cr:2353.2,Co:1400.3,Ta:497.4,Mo:337.3,Bi:331.4,S :213.6,,,,,,,,
Fe:1886.8,Cr:1621.9,Zr:1192.1,V_:1102.9,Ti:1000.3,W_:664.0,S :388.7,Mo:336.0,Ta:319.0,Pt:271.0,Nb:238.1,,,,
Mo:333.4,W_:167.5,Pt:156.1,,,,,,,,,,,,
W_:677.8,Mo:320.7,Ni:276.4,Fe:156.2,,,,,,,,,,,
Nb:2984.4,S :1140.5,K_:911.3,P :742.6,Mo:318.5,Zr:267.8,,,,,,,,,
Nb:2953.7,Fe:2550.2,Zr:1019.3,Ta:465.5,Mo:317.0,Au:284.7,S :199.3,Pt:197.0,K_:169.4,,,,,,
V_:1690.6,Mo:307.4,Pt:281.1,S :195.2,,,,,,,,,,,
W_:2976.6,Zr:498.7,Mo:298.1,Pd:285.7,Pt:245.9,Fe:229.9,Ti:212.1,V_:186.3,P :181.1,K_:162.6,,,,,
Ti:3212.7,Ta:1618.9,Nb:520.3,Zr:366.7,W_:324.1,Mo:293.2,S :281.7,Pt:210.7,Co:173.1,,,,,,
Ta:697.6,Ta:471.2,Ti:375.7,C_:309.1,Mo:289.3,Zr:251.7,S :230.3,Pt:200.1,,,,,,,
Nb:2057.6,Zr:1750.9,Mo:288.1,Ta:236.9,C_:187.2,,,,,,,,,,
Nb:630.0,Ta:435.4,Al:373.9,Mo:284.4,W_:243.4,C_:232.9,Pt:217.4,Zr:175.3,,,,,,,
Co:1989.9,Fe:1003.4,W_:805.8,Mo:283.8,Pt:180.1,,,,,,,,,,
Pd:2542.9,Ti:2235.4,Nb:506.8,S :383.9,Co:375.0,Mo:281.5,P :214.6,,,,,,,,
Nb:3429.7,Ta:3393.9,Ti:3120.7,C_:962.0,W_:719.7,Mo:280.4,P :172.1,,,,,,,,
Fe:1180.2,V_:1156.2,Ti:1096.9,Nb:989.2,Ta:958.5,Zr:749.2,Pt:484.2,W_:409.1,Mo:277.9,S :223.0,K_:158.6,,,,
Ta:2100.0,Ti:1244.7,V_:1043.7,Mo:275.8,S :275.1,Pt:219.1,P :170.0,C_:154.4,,,,,,,
Nb:2212.8,Cr:804.6,V_:686.6,S :310.2,Zr:281.2,Mo:275.1,Pt:176.3,Au:157.3,,,,,,,
Nb:2197.4,W_:1581.3,Fe:584.4,Zr:573.7,S :439.1,P :354.1,K_:339.1,V_:297.1,Mo:271.0,Pt:229.6,,,,,
Pd:1301.1,Co:306.5,Mo:270.8,Ag:259.2,,,,,,,,,,,
Nb:880.1,Ca:811.8,Ta:718.2,W_:417.8,Mo:270.2,Pt:213.2,S :157.7,Fe:150.2,,,,,,,
Ca:10688.6,Cr:4058.9,Fe:2367.8,W_:1623.8,Ta:1128.5,Zr:945.5,C_:796.3,Co:640.1,Mo:268.1,,,,,,
Mo:265.9,,,,,,,,,,,,,,
V_:337.4,Mo:265.5,Pt:224.3,Ni:183.9,Ti:161.5,,,,,,,,,,
Mo:265.3,Cr:202.1,Pt:158.9,,,,,,,,,,,,
Zr:832.0,Ta:729.7,C_:682.2,Mo:263.1,S :224.6,Pt:156.0,,,,,,,,,
W_:2284.0,Co:828.4,Mo:262.9,,,,,,,,,,,,
C_:7599.1,Nb:3188.1,Pd:1503.7,Ta:1012.5,Mo:261.4,Pt:204.1,,,,,,,,,
Ca:11682.9,Co:2272.2,W_:1596.8,C_:1235.2,V_:911.1,Ta:372.8,Ti:362.8,S :349.5,S :337.2,Zr:292.4,Mo:258.6,Pt:154.4,,,
Cr:1153.4,Ti:726.8,Ta:717.2,W_:612.7,S :314.5,Mo:257.5,Zr:248.8,Pt:217.0,K_:157.2,,,,,,
Cr:1155.7,Zr:1022.8,V_:861.8,Ag:417.4,S :382.8,K_:316.7,Ta:292.1,Pt:282.4,Mo:251.0,P :175.2,,,,,
W_:396.1,Mo:245.7,Pt:181.1,,,,,,,,,,,,
Pd:292.6,Mo:244.6,W_:185.4,,,,,,,,,,,,
Ni:818.3,Cr:369.4,Mo:238.0,Zr:230.4,,,,,,,,,,,
K_:701.4,C_:316.3,Mo:236.2,Pt:220.8,S :195.8,,,,,,,,,,
Nb:471.3,W_:420.9,Co:300.9,Mo:233.9,Ti:177.6,S :162.6,,,,,,,,,
Pt:447.7,Co:439.3,W_:365.2,Ta:252.8,In:244.6,Mo:233.3,,,,,,,,,
C_:1138.7,Nb:725.7,C_:446.9,Al:364.3,Zr:271.5,Mo:231.9,W_:229.7,Cd:196.4,,,,,,,
W_:3925.8,Ta:2966.4,Ti:1896.5,Zn:1692.2,Mo:231.0,Cr:225.6,Co:158.7,,,,,,,,
Fe:1108.6,Ta:993.3,Cr:944.6,Nb:571.0,Mo:223.7,Pt:156.9,,,,,,,,,
C_:2320.5,Nb:1309.4,C_:1138.7,V_:548.7,Zr:271.5,Pt:239.5,Mo:223.4,Cd:179.7,Zn:152.6,,,,,,
Nb:4483.4,Zr:893.7,C_:537.3,Pb:522.9,S :385.0,Ta:237.5,Mo:222.7,P :190.3,,,,,,,
Nb:3245.3,Co:378.6,Ca:343.9,Zr:228.3,Mo:212.0,,,,,,,,,,
Cd:7890.6,Zr:1109.8,Nb:677.6,C_:658.3,Pt:270.9,Mo:211.8,,,,,,,,,
Mo:211.0,Ta:175.4,,,,,,,,,,,,,
Cr:3727.1,Ta:3524.3,Fe:1070.9,Ti:1047.4,Ti:731.6,Nb:610.3,Pt:247.7,Zr:247.3,C_:247.2,K_:220.9,S :220.6,Mo:210.1,Zr:156.7,,
Au:921.4,Zr:224.9,Cr:214.6,Mo:208.9,,,,,,,,,,,
Co:254.3,Mo:207.8,Nb:201.1,Ta:192.4,,,,,,,,,,,
V_:1481.0,Cr:1154.1,Nb:668.9,S :340.9,Zr:255.4,Mo:207.1,Au:150.9,,,,,,,,
W_:230.2,Mo:206.3,,,,,,,,,,,,,
Mo:203.1,,,,,,,,,,,,,,
Pt:263.7,Mo:199.3,,,,,,,,,,,,,
Nb:1443.6,Zr:1324.6,C_:541.7,W_:411.3,S :388.2,Pt:298.1,P :271.1,Mo:196.6,,,,,,,
W_:219.0,Mo:192.1,,,,,,,,,,,,,
Fe:291.2,Mo:192.1,,,,,,,,,,,,,
S :213.8,Mo:191.9,Pt:177.0,,,,,,,,,,,,
Ti:1279.7,Zr:254.1,Mo:188.8,Ta:177.1,S :171.0,,,,,,,,,,
K_:640.0,S :358.4,Mo:187.3,V_:177.8,Pt:163.2,,,,,,,,,,
Zr:563.4,Ta:393.1,S :313.7,W_:241.8,Mo:184.9,,,,,,,,,,
W_:1194.5,Zr:996.3,Nb:725.9,S :704.7,P :460.7,K_:421.5,Ta:410.9,Pt:259.0,Mo:180.7,C_:170.0,,,,,
Nb:4337.4,Ca:2434.6,Fe:1446.4,Mo:179.8,Pt:157.2,,,,,,,,,,
Cr:1154.1,S :439.5,P :250.9,Ta:250.9,Pt:225.2,Mo:179.2,Pb:158.2,,,,,,,,
Nb:4089.0,Ti:3040.0,W_:551.4,Zr:332.4,Fe:259.3,Mo:179.0,,,,,,,,,
W_:706.1,Nb:384.5,Pt:255.8,Ta:193.6,Mo:176.6,S :151.9,,,,,,,,,
Nb:223.6,Mo:173.4,Cr:173.3,W_:173.1,,,,,,,,,,,
Ti:2048.4,Ni:641.8,Ta:266.7,Mo:172.7,,,,,,,,,,,
Ti:1954.5,Zr:274.4,C_:251.4,Mo:170.0,,,,,,,,,,,
Cr:295.8,K_:225.0,Ta:219.6,Nb:194.3,Mo:169.3,,,,,,,,,,
Nb:1443.6,Zr:1324.6,C_:568.3,Ta:401.7,Mo:166.5,Pt:159.8,,,,,,,,,
Nb:2866.5,W_:706.1,C_:345.3,Ta:297.6,W_:245.9,Mo:166.5,Zr:162.0,S :151.9,,,,,,,
V_:2886.5,Nb:1551.8,S :436.1,In:402.0,K_:355.1,Mo:165.7,,,,,,,,,
Nb:223.6,Cr:173.3,W_:173.1,Mo:165.2,,,,,,,,,,,
Nb:2893.5,Ta:625.0,W_:508.1,K_:337.1,Ni:322.6,C_:188.4,Mo:164.1,,,,,,,,
W_:461.6,Ta:233.9,Mo:163.5,,,,,,,,,,,,
Nb:350.2,Ta:311.2,Pt:201.0,Mo:163.3,,,,,,,,,,,
Pd:2778.1,Nb:2331.3,C_:1082.1,W_:779.8,Ta:466.4,S :395.8,P :249.4,Ca:242.1,K_:237.7,Pt:189.4,Mo:162.6,,,,
Nb:1604.5,Ta:1188.4,Cr:451.5,C_:324.1,Zr:244.5,Fe:238.9,Pt:234.2,S :220.2,Mo:161.5,Fe:153.9,,,,,
Nb:2286.4,Ta:471.2,C_:344.7,W_:282.0,S :267.9,Ti:241.9,K_:222.6,Zr:182.7,Mo:159.0,,,,,,
Ti:2557.2,Ta:1247.7,Zr:1027.0,S :276.0,Mo:158.7,,,,,,,,,,
W_:773.4,Zr:720.3,Nb:581.8,V_:352.6,Ti:227.6,S :196.6,Mo:157.1,,,,,,,,
Nb:3075.9,Ni:1541.9,Ni:1447.6,Ta:1360.3,Fe:1283.3,V_:517.6,S :514.3,Ti:401.7,Cr:357.9,P :303.2,Pt:215.6,Pb:211.6,K_:188.5,Mo:156.6,
Nb:1958.2,Ti:1096.9,W_:282.6,V_:201.1,Mo:156.5,,,,,,,,,,
Nb:2079.3,Ti:1540.0,V_:823.8,S :275.2,Pt:208.7,Co:172.6,Mo:156.1,,,,,,,,
W_:2180.7,Nb:1892.8,Ta:346.8,K_:198.9,Pt:183.4,Mo:155.7,,,,,,,,,
Zr:1766.6,Ta:487.6,W_:406.9,V_:202.3,Pt:197.8,Mo:152.1,,,,,,,,,
