0,1,2,3,4,5,6,7,8,9,10,11,12,13,14,15,16,17,18,19,20,21
Ti:4422.6,C_:568.3,W_:245.9,Pt:159.8,,,,,,,,,,,,,,,,,,
Ti:4348.7,Ta:3393.9,C_:962.0,Ni:572.8,Pt:161.1,,,,,,,,,,,,,,,,,
Ti:4070.7,Nb:2607.2,Nb:1519.4,Mo:1020.2,Pt:767.2,C_:393.0,Ta:313.0,Ni:251.6,,,,,,,,,,,,,,
Ti:3980.6,Zr:1323.5,Cr:1264.0,W_:1073.6,Nb:262.1,,,,,,,,,,,,,,,,,
Ti:3959.2,W_:2628.7,W_:592.5,Ni:397.8,Nb:362.4,Pt:236.1,,,,,,,,,,,,,,,,
Ti:3747.8,W_:3201.1,Ta:1672.8,Mo:1454.7,Pt:1077.9,Nb:940.4,V_:900.1,C_:766.7,Cr:684.5,,,,,,,,,,,,,
W_:5163.2,Nb:3687.0,Ti:3435.2,Ca:2308.0,Ca:1022.5,Cr:543.7,S :476.9,Fe:266.4,,,,,,,,,,,,,,
Ti:3212.7,Zr:1029.6,Nb:520.3,Mo:293.2,Pt:210.7,,,,,,,,,,,,,,,,,
Nb:3429.7,Ti:3120.7,C_:836.2,W_:719.7,Ca:347.3,Mo:280.4,P :172.1,,,,,,,,,,,,,,,
Nb:4089.0,Ti:3040.0,W_:551.4,Ta:501.6,Fe:259.3,Mo:179.0,,,,,,,,,,,,,,,,
W_:3809.0,Ti:2956.6,Nb:667.3,C_:476.1,Pb:468.3,Fe:254.6,Ta:169.2,Pt:151.4,,,,,,,,,,,,,,
Ti:2796.8,Mo:1078.6,Nb:1051.4,Pt:608.0,C_:474.5,Ta:427.0,Zr:375.1,S :368.4,K_:345.1,Fe:276.9,P :230.0,,,,,,,,,,,
Ti:2557.2,W_:1891.5,V_:1416.1,Ca:1041.2,Mo:158.7,,,,,,,,,,,,,,,,,
Ti:2556.1,Nb:1906.8,C_:539.1,Ta:342.5,Zr:283.9,S :215.4,K_:179.9,Pt:155.1,,,,,,,,,,,,,,
Mo:6041.5,Pt:4685.7,W_:2761.0,Ti:2451.8,V_:662.7,Nb:517.7,Zr:359.0,S :345.9,,,,,,,,,,,,,,
Zr:3376.9,Nb:3192.6,Ti:2430.3,Au:678.8,C_:543.3,V_:504.6,Cd:212.7,Pt:175.9,,,,,,,,,,,,,,
W_:4182.6,Cr:2806.2,Ti:2267.7,Ta:2174.4,Mo:616.6,Nb:440.8,V_:249.5,C_:186.9,,,,,,,,,,,,,,
Ti:2251.3,Nb:1414.5,V_:668.8,C_:247.0,Pt:220.8,Zr:206.4,S :195.8,,,,,,,,,,,,,,,
Pd:2542.9,Ti:2235.4,Fe:968.4,Ta:682.5,Nb:506.8,K_:484.4,S :467.7,Nb:462.4,S :383.9,Co:375.0,P :304.7,Mo:281.5,,,,,,,,,,
Ti:2203.6,Nb:1575.1,V_:1353.1,W_:949.2,Fe:824.5,Mo:653.5,Ta:575.4,Pt:524.2,,,,,,,,,,,,,,
W_:2429.3,Ti:2131.7,Ta:878.8,Zr:683.0,Mo:486.7,Pt:391.8,P :151.6,,,,,,,,,,,,,,,
Ti:2048.4,Ni:641.8,Ta:266.7,Mo:172.7,,,,,,,,,,,,,,,,,,
W_:4002.8,Ti:2021.5,Nb:1428.7,Zr:1323.2,Cr:836.3,Ta:246.9,,,,,,,,,,,,,,,,
Ca:3966.4,V_:2052.2,Ti:1982.5,S :364.2,Ta:351.2,K_:222.7,,,,,,,,,,,,,,,,
Ti:1973.1,Fe:621.4,Nb:470.8,W_:378.3,V_:360.0,Pt:244.9,,,,,,,,,,,,,,,,
Ti:1954.5,Zr:274.4,C_:251.4,Mo:170.0,,,,,,,,,,,,,,,,,,
W_:3925.8,Ta:2966.4,Ti:1896.5,Zn:1692.2,Mo:231.0,Cr:225.6,Co:158.7,,,,,,,,,,,,,,,
Ti:1891.1,Zr:1654.3,Ta:854.1,V_:610.0,Nb:533.2,S :526.4,P :385.2,K_:334.7,Pt:272.4,Cr:229.8,P :181.8,,,,,,,,,,,
Mo:4516.0,Pt:4055.2,Nb:1965.0,Ti:1883.4,Ta:1303.0,Ca:1186.0,W_:1031.0,S :611.0,K_:369.1,P :254.8,Ni:203.6,Au:158.1,,,,,,,,,,
Cr:3982.8,Ti:1796.6,V_:1772.0,Zr:806.2,Nb:638.1,Ta:629.7,Nb:430.7,Au:258.6,Ca:226.3,Ca:209.9,,,,,,,,,,,,
Nb:3080.0,Mo:2393.9,Pt:1904.0,Ti:1786.7,Cr:1006.1,Zr:639.1,W_:591.1,W_:559.2,,,,,,,,,,,,,,
Ti:1782.8,Ni:359.8,S :239.6,,,,,,,,,,,,,,,,,,,
Ti:1777.5,Al:1499.7,Nb:933.9,Co:707.0,S :175.6,C_:162.4,V_:157.0,,,,,,,,,,,,,,,
Ti:1774.3,Nb:1096.7,Ta:1013.1,W_:820.0,Pt:669.3,V_:627.1,Mo:558.5,S :397.1,,,,,,,,,,,,,,
Ti:1730.8,Mo:1417.8,Pt:1130.0,Nb:469.0,W_:441.1,Zr:380.9,S :304.6,S :274.0,V_:214.8,K_:191.6,P :190.4,V_:183.0,,,,,,,,,,
Mo:3710.3,Pt:2614.0,Cr:2242.4,Nb:2047.4,Ti:1638.2,Co:959.1,Zr:490.2,W_:211.8,P :190.8,V_:185.5,C_:152.3,,,,,,,,,,,
Nb:2079.3,Ti:1540.0,V_:823.8,S :275.2,Pt:208.7,Co:172.6,Mo:156.1,,,,,,,,,,,,,,,
Ti:1498.9,Mo:1479.3,Pt:1282.1,Ta:887.9,P :742.6,W_:471.3,Zr:469.5,,,,,,,,,,,,,,,
Ti:1470.7,S :213.0,K_:163.1,,,,,,,,,,,,,,,,,,,
Ti:1449.6,Zr:1261.9,Fe:1044.7,Mo:650.8,Pt:495.4,Cr:489.2,Ta:369.2,S :160.1,,,,,,,,,,,,,,
Nb:3806.6,Ta:1646.2,Ti:1449.0,Zr:692.0,W_:440.1,Ag:291.4,S :282.4,C_:218.4,K_:154.2,P :152.1,,,,,,,,,,,,
Ti:1430.3,Zr:1162.7,Nb:1096.7,Pt:669.3,Ta:643.8,Mo:558.5,Cr:394.8,,,,,,,,,,,,,,,
Mo:4769.6,Pt:3687.0,Ta:2472.6,Ti:1405.9,Nb:351.2,V_:167.1,,,,,,,,,,,,,,,,
Ti:1400.5,Au:882.7,Ta:574.9,Fe:471.4,W_:415.6,Cr:396.7,Mo:357.2,S :285.7,Pt:272.5,V_:191.6,P :154.5,,,,,,,,,,,
Mo:1525.4,Fe:1347.8,Ti:1345.8,Nb:1273.7,Pt:1068.0,Ta:562.3,Zr:420.2,W_:374.1,C_:331.0,,,,,,,,,,,,,
Ti:1316.0,Zr:230.5,P :225.8,,,,,,,,,,,,,,,,,,,
V_:1568.9,Ca:1446.2,Ti:1314.0,Mo:1294.2,Pt:1003.0,Nb:840.8,W_:491.5,Ta:374.8,K_:162.7,,,,,,,,,,,,,
Ti:1308.1,Co:314.5,S :160.2,,,,,,,,,,,,,,,,,,,
Nb:2030.8,Ti:1289.6,Mo:850.5,Pt:713.3,Ta:438.4,W_:368.2,V_:319.0,Au:206.4,Zr:202.9,S :192.6,Ni:192.5,C_:181.3,,,,,,,,,,
Ti:1279.7,Zr:501.4,Nb:262.8,Mo:188.8,Ta:177.1,,,,,,,,,,,,,,,,,
Ti:1270.6,Ta:475.8,V_:295.8,Zr:260.5,Nb:253.1,In:179.9,,,,,,,,,,,,,,,,
Zr:1678.3,Ti:1248.5,Cr:888.8,Nb:632.0,Mo:476.7,V_:442.2,Pt:337.7,S :277.2,K_:251.3,P :205.8,W_:192.1,,,,,,,,,,,
Cr:2371.3,Ti:1244.7,Nb:1155.4,Mo:275.8,S :275.1,Ta:271.9,Pt:256.6,Pt:219.1,K_:194.9,S :191.5,P :170.0,Zr:165.1,,,,,,,,,,
Al:4648.1,Cr:4382.7,C_:2093.2,W_:1556.5,Ti:1240.5,Ni:1081.5,Zr:562.7,Mo:421.0,Ag:356.0,V_:328.3,Co:289.0,S :183.0,,,,,,,,,,
In:3103.2,W_:1483.2,Ti:1226.1,Cr:662.0,Mo:608.2,Pt:450.8,V_:332.3,S :281.0,P :243.7,,,,,,,,,,,,,
Nb:6612.9,Ti:1219.6,Cr:709.2,Ta:668.5,In:339.4,Ca:331.5,Au:180.6,Ni:174.5,V_:160.8,,,,,,,,,,,,,
Cr:2399.1,V_:1364.2,Ti:1217.6,W_:799.0,W_:679.1,S :177.6,Co:168.8,Ta:162.7,,,,,,,,,,,,,,
Ca:9249.6,Ge:3249.6,C_:2173.8,Zr:2065.2,Ti:1179.5,Cr:1011.2,W_:808.7,Mo:437.2,S :424.9,K_:405.0,P :366.4,Fe:267.3,V_:246.6,Pt:163.9,,,,,,,,
Nb:4219.0,Pb:2802.1,Ti:1142.3,Mo:898.0,W_:638.3,Pt:463.7,Ta:253.8,,,,,,,,,,,,,,,
Pd:3015.8,Mo:2238.0,Pt:1199.2,Ti:1135.3,Zr:480.8,S :360.7,S :216.9,Cd:174.7,Au:171.9,Ni:153.3,,,,,,,,,,,,
Mo:8466.9,Pt:7366.7,Si:2519.8,Fe:1716.7,Cr:1285.3,Ti:1128.8,W_:716.8,Nb:523.3,S :154.6,,,,,,,,,,,,,
Nb:3124.4,Ti:1114.1,Ta:758.1,Cu:336.4,C_:217.0,Ta:185.5,,,,,,,,,,,,,,,,
Fe:1180.2,V_:1156.2,Ti:1096.9,Nb:989.2,Pt:484.2,W_:409.1,Mo:277.9,Al:256.9,S :223.0,K_:158.6,,,,,,,,,,,,
Nb:1958.2,Ti:1096.9,W_:282.6,V_:201.1,Mo:156.5,,,,,,,,,,,,,,,,,
C_:12834.3,W_:2514.6,Co:2055.2,Ti:1085.6,Ta:898.3,S :366.5,P :207.3,Au:153.4,,,,,,,,,,,,,,
Cr:3727.1,Ta:3524.3,Fe:1070.9,Ti:1047.4,Nb:610.3,Pt:247.7,C_:247.2,Mo:210.1,Zr:156.7,,,,,,,,,,,,,
Nb:2494.8,W_:1162.9,Ti:1037.0,K_:1009.6,V_:356.2,S :289.8,Ta:160.9,,,,,,,,,,,,,,,
Cr:2181.3,Ti:1030.2,Fe:456.0,S :291.8,,,,,,,,,,,,,,,,,,
Zr:2180.2,Ti:1019.4,W_:741.6,Nb:629.4,Mo:566.5,S :555.1,Ta:440.3,Pt:386.0,P :369.8,Au:199.6,,,,,,,,,,,,
W_:8270.9,Ta:1264.1,Ti:1001.2,Nb:774.3,Zr:635.7,Mo:375.0,Pt:294.7,S :172.5,Au:169.9,P :168.0,K_:160.5,,,,,,,,,,,
Fe:1886.8,Cr:1621.9,Zr:1192.1,V_:1102.9,Ti:1000.3,W_:664.0,S :388.7,Mo:336.0,Ta:319.0,Pt:271.0,Nb:238.1,,,,,,,,,,,
Nb:3547.3,Ti:994.6,Mo:955.3,V_:861.8,Pt:764.1,Zr:585.5,Sn:450.8,In:402.5,S :278.4,K_:158.3,,,,,,,,,,,,
Cr:1674.7,Ta:1065.6,Ti:986.0,Mo:810.3,W_:722.4,Nb:656.7,Ca:336.1,Ni:232.2,Co:226.8,,,,,,,,,,,,,
Cr:1167.2,Ti:979.7,Mo:651.0,Pt:543.0,S :461.3,V_:403.6,K_:286.4,Nb:251.7,P :248.9,,,,,,,,,,,,,
Mo:1606.3,Pt:979.6,Ti:977.5,Fe:679.8,W_:509.0,Ta:345.3,S :253.1,V_:227.3,P :167.6,,,,,,,,,,,,,
Cr:10415.6,W_:3431.9,Ti:950.3,Ta:535.0,S :528.3,P :339.0,Zr:262.7,K_:152.7,,,,,,,,,,,,,,
Fe:3626.2,Ti:935.5,W_:714.7,Cr:552.5,Pt:422.8,Nb:315.0,Zr:297.4,P :156.1,,,,,,,,,,,,,,
W_:8785.9,Ti:922.5,Zr:921.4,Nb:805.6,Fe:737.1,Ta:704.4,,,,,,,,,,,,,,,,
K_:2742.9,Zr:1402.7,Nb:1359.4,Ti:893.6,Fe:473.3,Cr:193.8,,,,,,,,,,,,,,,,
Nb:2871.8,Ti:884.6,C_:571.7,Zr:483.6,C_:197.2,Pt:175.8,,,,,,,,,,,,,,,,
Fe:4810.9,Au:3899.8,W_:1461.1,Ta:1324.6,Zr:1287.9,Ta:1220.9,Ti:859.5,Cr:757.0,Co:690.7,V_:566.4,S :346.4,K_:279.0,P :201.7,,,,,,,,,
Nb:1732.0,Fe:1522.1,Ti:853.2,Mo:355.1,Zr:343.0,Ta:182.5,,,,,,,,,,,,,,,,
Zn:3828.4,Bi:2300.5,Ta:923.2,Ti:849.3,Nb:726.2,V_:569.7,Cr:471.1,Mo:343.7,Pt:206.4,,,,,,,,,,,,,
Ta:2067.6,Ti:827.8,C_:224.2,,,,,,,,,,,,,,,,,,,
Nb:2017.8,Mo:910.8,Ti:815.9,Pt:601.9,Zr:382.5,C_:292.9,S :198.8,,,,,,,,,,,,,,,
Mo:4752.7,Fe:4143.0,Pt:4127.1,Nb:2967.7,Zr:934.7,Ti:812.5,Cr:793.6,W_:733.8,Ta:293.0,S :165.9,,,,,,,,,,,,
Cd:7631.4,W_:1339.4,Cr:1326.8,Ti:794.4,S :444.3,Ta:387.0,Nb:286.7,Zr:283.6,P :241.3,Zn:205.8,,,,,,,,,,,,
V_:1964.1,Au:1054.6,Ti:788.3,S :389.1,Cr:292.4,In:281.9,W_:260.1,Ta:259.0,Zr:185.5,K_:152.1,,,,,,,,,,,,
Cd:7890.6,Zr:1109.8,Ti:755.3,Ta:688.1,Nb:677.6,C_:470.6,,,,,,,,,,,,,,,,
Ta:3004.4,Cr:1327.4,Ti:751.3,Nb:545.7,C_:359.2,Ni:314.0,Pt:171.5,,,,,,,,,,,,,,,
Ti:750.9,Ni:540.8,V_:537.2,,,,,,,,,,,,,,,,,,,
Ta:1681.1,Nb:1238.4,Ti:744.4,C_:611.3,K_:498.8,S :369.7,P :355.0,W_:165.7,,,,,,,,,,,,,,
Nb:2551.9,S :1298.8,K_:1078.3,Ti:743.1,Ta:433.1,Co:292.5,W_:175.1,,,,,,,,,,,,,,,
Ta:3524.3,Fe:1070.9,Ti:731.6,Nb:610.3,Ni:322.6,Pt:247.7,Zr:247.3,K_:220.9,S :220.6,Mo:210.1,,,,,,,,,,,,
Cr:1153.4,Ti:726.8,W_:612.7,W_:596.7,Mo:257.5,Zr:248.8,Pt:217.0,S :201.9,Zr:161.9,P :160.6,K_:157.2,,,,,,,,,,,
Nb:1707.5,V_:1580.2,Zr:1148.7,Ti:724.8,S :320.8,Co:311.4,Ni:292.6,Ta:228.6,K_:180.4,,,,,,,,,,,,,
Cr:3150.5,W_:1166.1,Ta:915.5,V_:755.9,Ti:723.2,Zr:649.5,Nb:412.6,Fe:185.1,In:175.0,,,,,,,,,,,,,
Zr:2176.0,W_:813.6,Ti:700.7,V_:687.8,Ta:321.7,S :182.3,Zn:155.4,,,,,,,,,,,,,,,
W_:6020.0,Nb:1215.9,Ti:686.3,C_:465.2,Mo:369.0,Pt:291.9,Cr:230.0,Zr:227.4,Ta:168.0,,,,,,,,,,,,,
Nb:6615.0,Ta:1732.8,Cr:1095.4,Ti:683.5,W_:320.4,Co:298.7,,,,,,,,,,,,,,,,
Ti:681.2,Mo:359.2,Ta:300.4,Pt:211.0,Nb:156.5,,,,,,,,,,,,,,,,,
Ti:639.0,C_:478.5,C_:408.5,Cr:278.3,,,,,,,,,,,,,,,,,,
Nb:2099.7,Nb:1420.2,Mo:842.8,Ti:637.3,Pt:502.8,Zr:452.3,Cr:402.1,C_:360.0,S :185.7,K_:175.6,,,,,,,,,,,,
Cr:3681.8,Ca:1780.5,Ti:625.2,Co:363.5,Nb:255.2,Ta:158.0,Zr:156.8,Zr:152.1,,,,,,,,,,,,,,
Nb:1701.8,Ti:612.6,S :280.3,Ca:270.7,P :212.0,,,,,,,,,,,,,,,,,
Mo:3764.2,Mo:3635.6,Pt:2864.4,Pt:2565.8,Nb:2226.8,Zr:1540.8,W_:760.7,Ti:607.1,S :355.2,In:275.6,Pb:275.6,P :242.6,V_:218.2,Ni:179.7,K_:167.4,,,,,,,
V_:1353.4,Ta:876.1,Ti:603.9,S :590.3,K_:427.1,P :417.8,S :304.2,Nb:244.2,,,,,,,,,,,,,,
V_:2782.0,Nb:1188.9,Ti:602.8,S :403.8,K_:383.7,Ta:233.7,P :175.2,,,,,,,,,,,,,,,
Fe:2884.0,W_:1758.4,Nb:1742.6,Cr:1735.5,Ti:602.4,Mo:546.6,Ta:467.5,S :346.1,Pt:295.9,V_:213.0,Co:171.7,,,,,,,,,,,
Nb:3253.5,Ti:595.4,,,,,,,,,,,,,,,,,,,,
Mo:1493.6,Nb:1341.1,Pt:763.0,Ti:592.2,V_:235.4,Ta:233.8,S :206.0,Au:153.1,P :151.9,,,,,,,,,,,,,
W_:1731.7,Pb:1572.5,Co:1485.1,Ti:570.4,V_:399.1,Ta:281.6,K_:176.2,,,,,,,,,,,,,,,
Nb:2412.7,Ta:1523.4,Mo:660.2,Ti:569.3,Pt:367.8,,,,,,,,,,,,,,,,,
Zr:1513.4,V_:1173.1,K_:1098.8,W_:741.6,Mo:635.0,Nb:629.4,Ti:559.9,Pt:433.2,Ni:173.8,,,,,,,,,,,,,
W_:1456.5,Nb:594.1,Cr:557.4,Ti:548.6,S :478.9,Fe:374.9,P :223.8,K_:188.5,,,,,,,,,,,,,,
Nb:1096.2,V_:985.8,Mo:797.3,Ti:539.4,W_:215.9,,,,,,,,,,,,,,,,,
Nb:1391.0,Ti:538.3,Ta:509.2,C_:344.7,S :267.9,W_:235.7,Zr:182.7,K_:161.4,,,,,,,,,,,,,,
Nb:3348.0,Ti:537.7,Mo:354.2,Pt:221.1,W_:184.8,C_:180.1,,,,,,,,,,,,,,,,
Mo:3208.0,Pt:2696.1,Ca:2689.2,Ti:528.6,S :176.7,K_:167.0,,,,,,,,,,,,,,,,
Ti:519.4,S :371.1,S :347.7,K_:345.9,Nb:312.6,W_:258.9,Zr:237.1,Cd:199.5,,,,,,,,,,,,,,
Au:2812.9,Nb:2308.3,K_:1826.5,Mo:1677.8,Cr:1231.3,Pt:1097.6,Ti:514.2,Co:439.4,Zn:217.6,S :212.3,Zn:184.9,W_:156.4,,,,,,,,,,
Zr:1360.2,Mo:1130.2,Pt:584.0,Ti:510.5,W_:451.1,S :370.5,Ta:263.9,S :229.7,Ag:216.8,Au:174.7,Ni:164.1,,,,,,,,,,,
Ca:1453.1,Mo:794.7,Pt:640.6,Ta:615.2,Ti:509.4,Zr:443.9,Cr:432.9,Nb:367.1,S :343.9,P :239.1,,,,,,,,,,,,
Mo:1154.5,Pt:777.4,Ni:542.8,V_:520.8,Ti:504.5,Fe:493.5,Pb:473.9,,,,,,,,,,,,,,,
V_:2204.7,Zr:917.9,W_:580.3,Ti:499.9,S :246.3,S :207.4,,,,,,,,,,,,,,,,
Cr:4255.8,Zr:1572.1,Pd:1451.4,Nb:925.7,Ti:496.8,Mo:375.7,,,,,,,,,,,,,,,,
W_:2089.8,C_:1150.4,Zr:1089.4,Nb:787.5,Ti:496.5,Cr:324.5,Cd:180.9,Ta:180.6,,,,,,,,,,,,,,
Cr:1724.0,Nb:985.7,Mo:539.4,Ti:493.7,Zr:438.9,Pt:281.2,Ta:261.6,,,,,,,,,,,,,,,
W_:3497.4,Nb:1086.5,Ti:492.7,S :214.4,,,,,,,,,,,,,,,,,,
V_:2238.7,Pt:1355.4,Mo:938.9,Ta:886.5,Nb:535.7,Ti:479.3,S :344.8,K_:251.6,,,,,,,,,,,,,,
Nb:4782.8,V_:1336.0,Zr:1107.6,Bi:949.3,Cr:941.4,Ta:646.2,W_:598.9,Ti:470.4,S :436.7,S :344.2,P :305.0,In:220.9,Pb:178.3,,,,,,,,,
Ni:2444.9,Pd:2343.7,W_:713.7,Nb:496.9,S :493.1,Ti:459.6,Ta:446.1,K_:324.1,Fe:252.0,Zr:239.1,P :211.2,,,,,,,,,,,
C_:1654.6,Cr:1580.6,Nb:1461.8,Ti:449.9,Zr:337.5,K_:283.1,,,,,,,,,,,,,,,,
Nb:1739.6,Mo:1132.6,Cr:851.2,Pt:750.9,Ti:431.3,C_:293.5,K_:191.3,S :189.8,,,,,,,,,,,,,,
Au:2490.7,V_:1650.4,Fe:1137.0,Nb:801.7,Zr:547.6,C_:453.9,Ti:427.8,,,,,,,,,,,,,,,
Nb:4808.4,Ti:414.8,C_:408.6,V_:394.4,W_:391.6,,,,,,,,,,,,,,,,,
Nb:595.7,Cr:557.4,W_:429.1,Ti:406.7,S :277.6,,,,,,,,,,,,,,,,,
Nb:3075.9,Ta:1928.8,Zr:1752.3,Ni:1541.9,Ta:1360.3,Fe:1283.3,W_:974.9,S :621.4,V_:517.6,S :514.3,Ti:401.7,P :364.5,Cr:357.9,K_:351.1,P :303.2,Pb:249.6,Pt:215.6,Pb:211.6,Pt:193.5,Au:191.6,K_:188.5,Mo:156.6
V_:1572.8,Ca:1281.6,Zr:801.0,S :715.0,Fe:554.3,S :512.6,Ti:397.6,K_:327.4,P :262.6,P :238.1,,,,,,,,,,,,
Zn:7365.5,Ta:3418.8,Nb:3284.7,Mo:689.8,Pt:567.4,Au:541.8,S :463.0,S :403.8,Ti:395.9,Cr:198.1,P :187.6,W_:177.2,,,,,,,,,,
Cd:4948.9,Ni:3460.9,Pd:2966.0,Fe:2493.0,Ta:1165.0,Co:461.8,Ti:395.2,Au:229.6,S :157.7,,,,,,,,,,,,,
Cr:615.6,Zr:615.6,Ti:394.0,Ta:350.4,S :328.3,Pt:258.7,P :228.9,W_:220.6,Nb:211.4,,,,,,,,,,,,,
V_:1606.2,Mo:1003.1,Cr:709.5,Pt:650.4,Ti:393.1,K_:190.7,S :158.5,P :150.7,,,,,,,,,,,,,,
Ta:2849.2,V_:1104.2,Mo:910.8,Pt:601.9,S :572.2,Nb:545.9,Ti:383.9,Zr:382.5,C_:292.9,W_:280.1,Ni:166.7,,,,,,,,,,,
Nb:2753.6,Ta:697.6,Ti:375.7,C_:309.1,Mo:289.3,Zr:251.7,S :230.3,Pt:200.1,Zr:188.3,,,,,,,,,,,,,
Cr:3603.9,Zr:996.3,V_:574.0,Ti:372.8,K_:348.2,Ta:298.1,C_:170.3,C_:170.0,,,,,,,,,,,,,,
Ca:11682.9,C_:1235.2,V_:911.1,Ti:362.8,S :349.5,Zr:292.4,Mo:258.6,Pt:154.4,,,,,,,,,,,,,,
Mo:3399.1,W_:2469.7,Fe:2206.3,Pt:2130.4,Pd:1838.4,Ni:731.0,Ta:364.1,Ti:361.4,C_:284.8,Cr:220.6,,,,,,,,,,,,
Nb:2325.7,Mo:894.9,Pt:625.3,Ti:360.2,W_:215.9,,,,,,,,,,,,,,,,,
Pd:2946.9,V_:1356.1,W_:1118.6,Nb:854.3,Mo:795.0,Ni:553.1,Cr:478.7,Pt:375.0,Ti:352.0,Ta:290.5,S :212.6,,,,,,,,,,,
Nb:1514.2,W_:636.6,Cr:604.2,V_:513.3,S :372.4,Ti:347.7,Ni:291.5,K_:223.3,Fe:172.8,Zr:168.3,,,,,,,,,,,,
Cr:8347.1,W_:746.0,Ti:346.8,Ta:314.0,Pt:239.8,V_:213.9,S :162.3,,,,,,,,,,,,,,,
Mo:1831.7,Pd:1740.8,Pt:917.9,W_:663.5,W_:655.0,Ti:346.5,S :272.7,Ta:208.0,Cr:182.4,V_:156.6,,,,,,,,,,,,
Nb:2057.6,W_:429.6,Ti:340.1,Cr:196.5,S :194.8,Ta:190.2,C_:187.2,,,,,,,,,,,,,,,
Fe:4135.4,Mo:2448.6,Pt:1609.3,V_:1507.6,Cr:569.0,Ta:440.0,Ti:339.3,C_:267.8,S :196.1,Au:173.9,K_:164.0,,,,,,,,,,,
Nb:698.2,Zr:682.7,Ti:336.6,W_:206.5,S :152.0,,,,,,,,,,,,,,,,,
Ag:2053.7,Mo:1584.7,Pt:1149.7,Ta:602.4,Nb:365.4,Ti:332.2,W_:298.2,Zn:258.4,,,,,,,,,,,,,,
Fe:2381.3,W_:1752.1,Co:1051.8,Ti:321.3,Ta:180.9,Ta:169.3,,,,,,,,,,,,,,,,
V_:2663.3,Co:2281.8,Nb:807.6,Mo:681.5,Ti:313.9,Pt:288.9,Ta:162.7,,,,,,,,,,,,,,,
Nb:3448.1,V_:2350.1,Ta:1466.7,Cr:1377.0,Mo:617.9,Pt:400.0,Ti:309.6,S :300.5,In:242.0,Zr:217.0,Au:193.1,,,,,,,,,,,
C_:2006.2,Ni:1477.2,V_:575.9,Ta:479.9,W_:311.6,Ti:309.5,,,,,,,,,,,,,,,,
Ta:2178.1,S :371.1,Nb:350.4,K_:345.9,Ti:306.2,Co:290.8,W_:258.9,Zr:237.1,,,,,,,,,,,,,,
Co:6878.8,Nb:2803.4,Pd:2669.3,Cr:820.2,Fe:699.2,C_:439.8,Zr:360.0,Ti:306.0,Ta:302.4,Ta:210.2,S :166.4,,,,,,,,,,,
V_:1169.9,Ti:303.9,Zr:265.1,S :173.7,,,,,,,,,,,,,,,,,,
Nb:1477.8,W_:796.4,Ti:303.6,Ta:283.1,Co:279.9,Ni:213.8,Ni:193.2,S :185.2,,,,,,,,,,,,,,
Co:6680.7,V_:2657.2,W_:945.6,Ta:500.6,Au:464.7,Ti:298.7,S :226.7,K_:174.0,,,,,,,,,,,,,,
Nb:431.3,Ti:297.5,S :257.3,P :252.9,K_:167.7,,,,,,,,,,,,,,,,,
Ta:961.9,W_:926.4,V_:500.5,Ti:292.4,K_:252.8,K_:246.3,,,,,,,,,,,,,,,,
V_:1553.7,Nb:943.9,Ta:863.1,Zr:657.6,Cr:474.3,Ti:289.8,S :242.5,K_:200.9,,,,,,,,,,,,,,
Mo:3351.6,Pt:2717.2,V_:1411.2,Ta:1162.8,Pd:529.2,W_:428.4,S :358.5,Ti:285.0,Fe:279.6,Ag:229.4,P :158.2,Au:150.7,K_:150.5,,,,,,,,,
Fe:2322.7,W_:1776.7,Nb:1682.9,Zr:1202.1,Ta:601.7,Cr:521.9,Mo:521.5,Pt:497.8,S :483.0,Pt:414.9,K_:348.8,Ti:282.9,S :249.1,K_:243.2,P :203.3,Ni:161.2,,,,,,
Cr:4436.2,Nb:3657.0,Ni:529.2,S :490.7,K_:337.6,Pt:313.0,P :289.4,Ti:282.3,Zr:241.6,Al:240.3,Cu:177.1,,,,,,,,,,,
Ag:2066.1,Mo:1080.1,Pt:654.8,Nb:429.5,V_:335.5,Ti:280.1,Zn:165.3,,,,,,,,,,,,,,,
Ni:7018.0,V_:2732.3,Nb:1184.9,Ta:477.9,W_:461.9,Ti:279.4,K_:201.8,S :181.3,Au:166.2,Au:159.8,S :154.8,,,,,,,,,,,
Ni:787.9,Ta:460.3,Ta:432.4,Ti:279.1,Zr:264.3,,,,,,,,,,,,,,,,,
W_:2413.1,Ta:2080.1,C_:1150.4,Zr:1089.4,Cr:488.5,Ti:273.4,Cd:234.6,,,,,,,,,,,,,,,
Nb:3274.6,Zr:351.0,S :272.9,Ti:270.5,Zr:217.9,P :202.4,K_:198.6,Pt:193.2,P :160.6,K_:158.2,,,,,,,,,,,,
Nb:6936.0,In:3197.7,V_:1531.7,Mo:989.2,S :769.3,S :756.2,Pt:670.8,K_:375.8,K_:359.6,Zr:340.1,W_:267.0,Ti:261.0,Au:231.9,Cr:174.0,Au:167.5,,,,,,,
Mo:944.6,Pt:431.8,Nb:399.4,Ti:258.9,,,,,,,,,,,,,,,,,,
Co:438.4,W_:293.2,Zr:284.3,Ti:258.9,S :165.6,K_:153.0,,,,,,,,,,,,,,,,
Mo:1031.1,Nb:1017.0,Pt:599.2,Pd:366.4,Ta:343.3,W_:321.5,C_:313.3,Ti:253.1,V_:208.4,Zr:203.2,Fe:150.7,,,,,,,,,,,
Cr:10068.4,Nb:3143.3,Mo:1022.3,Zr:634.3,Pt:546.2,S :537.2,Ta:464.6,V_:395.1,P :259.9,Ti:250.3,,,,,,,,,,,,
Ta:2920.7,Ti:246.1,Pt:185.6,Au:164.9,,,,,,,,,,,,,,,,,,
Nb:2286.4,Ta:471.2,C_:344.7,W_:282.0,S :267.9,Ti:241.9,K_:222.6,Zr:182.7,Mo:159.0,,,,,,,,,,,,,
Cr:2873.0,W_:1422.5,Nb:1419.3,Mo:432.7,Pt:351.5,S :337.2,Ti:241.1,Zr:197.1,,,,,,,,,,,,,,
Mo:1233.1,V_:1199.2,Pt:776.4,Zr:599.1,Ti:239.3,Zn:215.5,,,,,,,,,,,,,,,,
Nb:1651.5,Mo:1096.5,Pt:935.2,V_:679.6,Ta:589.5,Ti:236.3,K_:224.1,Fe:202.1,Fe:192.0,,,,,,,,,,,,,
Cr:4179.3,Nb:1329.9,W_:1047.4,Ta:762.9,K_:569.6,P :371.7,Ti:236.3,,,,,,,,,,,,,,,
W_:773.4,Fe:769.6,Zr:720.3,V_:353.6,V_:352.6,C_:335.8,Ti:227.6,S :196.6,Mo:157.1,,,,,,,,,,,,,
Mo:5194.2,Pt:4102.4,Fe:2510.0,Nb:1417.0,Ti:223.5,P :211.8,Cr:199.6,K_:160.5,,,,,,,,,,,,,,
Ni:1447.6,W_:1137.2,Zr:790.0,P :308.5,Pb:291.9,Ti:219.3,K_:151.8,,,,,,,,,,,,,,,
Mo:5128.2,Pt:3989.0,Ta:1644.0,Cr:1033.2,Zr:840.9,Nb:808.6,W_:615.9,V_:507.0,Ti:217.3,Bi:185.5,S :183.0,,,,,,,,,,,
V_:3500.9,Zr:1691.0,Ta:592.4,W_:373.9,S :224.7,Ti:216.8,P :186.1,C_:172.1,,,,,,,,,,,,,,
V_:2148.4,S :933.8,W_:494.1,Zr:394.7,Fe:270.1,Ti:216.5,Cr:156.0,,,,,,,,,,,,,,,
Mo:866.3,Nb:825.3,Pt:654.0,W_:338.8,Ta:230.6,Zr:219.6,Ti:216.2,Au:165.1,,,,,,,,,,,,,,
Nb:3219.7,Ta:2693.0,V_:1037.8,Cr:896.4,W_:744.7,S :276.5,K_:222.8,Ti:215.9,P :183.0,,,,,,,,,,,,,
Mo:3208.0,Pt:2696.1,Ca:2689.2,Nb:2200.8,V_:2108.7,W_:1018.4,Zr:429.5,Au:408.8,S :289.7,Ti:215.6,K_:215.4,,,,,,,,,,,
W_:2976.6,Zr:498.7,Mo:298.1,Pd:285.7,Pt:245.9,Fe:229.9,Ti:212.1,V_:186.3,P :181.1,K_:162.6,,,,,,,,,,,,
Ti:209.4,,,,,,,,,,,,,,,,,,,,,
Nb:4382.3,W_:3829.6,Ta:1401.4,S :399.2,In:218.3,Ti:206.1,Pt:165.9,In:151.3,,,,,,,,,,,,,,
Nb:2380.6,Zr:1233.4,Mo:1085.2,Pt:794.1,Ti:198.3,Ta:188.6,S :186.4,,,,,,,,,,,,,,,
W_:540.0,Cr:369.9,Ti:194.3,S :155.3,,,,,,,,,,,,,,,,,,
Cr:2351.2,W_:699.4,V_:586.2,Zr:424.4,C_:311.6,Ti:192.2,K_:177.4,P :172.6,S :155.3,,,,,,,,,,,,,
Nb:4302.1,Zr:978.0,Ca:733.6,W_:405.3,Ti:191.5,,,,,,,,,,,,,,,,,
Cr:1898.3,Nb:812.1,Zr:628.1,W_:625.3,Pt:411.3,Ta:293.1,Ti:190.2,S :171.4,K_:151.4,,,,,,,,,,,,,
Zr:2889.4,V_:2628.4,Ta:1653.9,Nb:1280.7,S :275.8,Pt:221.1,Ti:188.5,Cr:152.4,,,,,,,,,,,,,,
Nb:479.7,Zr:367.0,Ta:321.4,W_:199.2,K_:190.0,Ti:184.4,,,,,,,,,,,,,,,,
Pd:2630.9,Mo:812.3,Zr:736.8,Zr:731.3,Ta:621.6,Nb:606.3,Cr:327.9,W_:313.1,Ti:183.6,,,,,,,,,,,,,
Zr:1418.6,S :198.5,Ti:180.4,Pd:155.1,,,,,,,,,,,,,,,,,,
Ta:702.8,Ti:177.9,S :176.2,Au:163.4,,,,,,,,,,,,,,,,,,
Ni:1070.3,Nb:471.3,Co:300.9,Nb:289.8,Mo:233.9,K_:182.0,Ti:177.6,S :174.6,Ag:170.4,S :162.6,,,,,,,,,,,,
V_:2228.3,Nb:1110.5,K_:397.6,S :389.0,Zr:372.4,S :360.3,K_:340.7,W_:319.4,Pt:219.1,Zr:196.1,Ti:177.2,,,,,,,,,,,
Mo:1374.0,Zr:1060.6,Pt:968.5,Ta:325.3,Ti:173.8,V_:173.0,S :169.0,,,,,,,,,,,,,,,
Nb:6731.9,C_:822.4,Ta:443.0,Ti:171.1,Zr:170.5,K_:166.1,,,,,,,,,,,,,,,,
Ni:1241.1,Mo:877.3,Pt:585.6,Zr:510.5,Pt:416.2,W_:335.7,Nb:317.1,P :231.8,Ti:170.9,Co:159.1,Co:152.6,,,,,,,,,,,
Ta:2628.5,Zr:2606.7,Nb:1109.5,V_:210.2,Ti:167.3,,,,,,,,,,,,,,,,,
Nb:4407.2,Ta:731.5,V_:210.2,Al:181.6,Ti:166.4,,,,,,,,,,,,,,,,,
C_:549.4,Al:445.6,K_:319.7,Ta:209.7,S :187.3,Ni:170.8,Ti:164.8,,,,,,,,,,,,,,,
Ni:3582.5,Mo:570.0,Bi:331.4,Pt:324.3,Ti:164.6,S :157.9,,,,,,,,,,,,,,,,
Nb:1068.5,Ta:473.5,Ni:190.6,Ti:163.9,,,,,,,,,,,,,,,,,,
W_:3381.7,Ta:772.4,Fe:266.2,Au:220.0,K_:203.3,Ti:163.5,,,,,,,,,,,,,,,,
Co:7090.6,W_:2274.2,Nb:1640.8,Ni:184.6,K_:163.8,Ti:162.5,S :154.6,,,,,,,,,,,,,,,
V_:354.1,Zr:279.2,W_:169.4,Ti:162.3,,,,,,,,,,,,,,,,,,
V_:482.9,Nb:307.7,Mo:265.5,Pt:224.3,Ti:161.5,,,,,,,,,,,,,,,,,
Pt:416.2,W_:335.7,Nb:317.1,P :243.3,Ti:156.7,Co:152.6,,,,,,,,,,,,,,,,
Ta:419.4,W_:282.1,Ti:154.7,,,,,,,,,,,,,,,,,,,
Mo:1707.9,Pt:1046.7,Ta:964.4,V_:224.1,Ti:151.4,,,,,,,,,,,,,,,,,
Ni:1730.8,Zr:1080.2,W_:834.5,V_:451.2,Pt:195.4,S :155.0,Ti:150.1,,,,,,,,,,,,,,,
